<?xml version="1.0"?>
<ruleset xmlns:xsi="http://www.w3.org/2001/XMLSchema-instance"
	name="Yoast SEO Premium"
	xsi:noNamespaceSchemaLocation="./vendor/squizlabs/php_codesniffer/phpcs.xsd">

	<description>WP CLI Faker rules for PHP_CodeSniffer</description>

	<!--
	#############################################################################
	COMMAND LINE ARGUMENTS
	https://github.com/squizlabs/PHP_CodeSniffer/wiki/Annotated-ruleset.xml
	#############################################################################
	-->

	<file>./src</file>

	<!-- Only check PHP files. -->
	<arg name="extensions" value="php"/>

	<!-- Show progress, show the error codes for each message (source). -->
	<arg value="sp"/>

	<!-- Strip the filepaths down to the relevant bit. -->
	<arg name="basepath" value="./src"/>

	<!-- Check up to 8 files simultaneously. -->
	<arg name="parallel" value="8"/>

	<!--
	#############################################################################
	USE THE YoastCS RULESET
	#############################################################################
	-->

	<rule ref="Yoast">
		<properties>
			<property name="prefixes" type="array">
				<element value="Yoast\WP\Tools"/>
			</property>
		</properties>
	</rule>
</ruleset>
